<application>
  <component name="easyJavadoc">
    <option name="author" value="jason.wzr" />
    <option name="kdocAuthor" value="jason.wzr" />
    <option name="kdocSimpleFieldDoc" value="true" />
    <option name="projectWordMap">
      <map>
        <entry key="ParcelEngine-local-de-2c2ba10440004903822ad87ac87f9cc8" />
        <entry key="ParcelEngine-local-de-v2-fbbe1ffb07bb4e9e887d64fa032742ff" />
        <entry key="cnarch-tab-service" />
        <entry key="cnexport-local-lds" />
        <entry key="cng-overseas-datact" />
        <entry key="cnl-trace-center">
          <value>
            <map />
          </value>
        </entry>
        <entry key="global-lnp-frc">
          <value>
            <map />
          </value>
        </entry>
        <entry key="tms-dataview" />
      </map>
    </option>
    <option name="simpleFieldDoc" value="true" />
  </component>
</application>