<application>
  <component name="ProjectManager">
    <defaultProject>
      <component name="CopyrightManager">
        <copyright>
          <option name="notice" value="Cainiao.com Inc.&#10;Copyright (c) 2013-&amp;#36;today.year All Rights Reserved." />
          <option name="myName" value="cainiao" />
        </copyright>
      </component>
      <component name="InspectionProjectProfileManager">
        <profile version="1.0">
          <option name="myName" value="Project Default" />
        </profile>
        <version value="1.0" />
      </component>
      <component name="MaterialThemeProjectNewConfig">
        <option name="metadata">
          <MTProjectMetadataState>
            <option name="migrated" value="true" />
            <option name="pristineConfig" value="false" />
            <option name="userId" value="863bc68:193b8e03971:-7ff7" />
          </MTProjectMetadataState>
        </option>
      </component>
      <component name="ProjectInspectionProfilesVisibleTreeState">
        <entry key="Project Default">
          <profile-state>
            <expanded-state>
              <State>
                <id>Java</id>
              </State>
              <State>
                <id>Probable bugsJava</id>
              </State>
            </expanded-state>
            <selected-state>
              <State>
                <id>Java</id>
              </State>
            </selected-state>
          </profile-state>
        </entry>
      </component>
      <component name="PropertiesComponent"><![CDATA[{
  "keyToString": {
    "settings.editor.selected.configurable": "configurable.group.editor"
  }
}]]></component>
      <component name="TaskManager">
        <task active="true" id="Default" summary="Default task">
          <created>1742655358643</created>
          <option name="number" value="Default" />
          <option name="presentableId" value="Default" />
          <updated>1742655358643</updated>
        </task>
        <servers />
      </component>
      <component name="VcsDirectoryMappings" defaultProject="true" />
      <component name="WindowStateProjectService">
        <state x="368" y="217" key="SettingsEditor" timestamp="1746697891717">
          <screen x="0" y="38" width="1728" height="1079" />
        </state>
        <state x="368" y="217" key="SettingsEditor/0.38.1728.1079" timestamp="1742655385829" />
        <state x="368" y="217" key="SettingsEditor/0.38.1728.1079/-91.-1055.1920.1055" timestamp="1746697891717" />
      </component>
      <component name="arthas.idea.plugin">
        <option name="redisAddress" value="" />
        <option name="redisAuth" value="" />
        <option name="redisCacheKey" value="" />
        <option name="lastSelectAppJson" value="null" />
      </component>
      <component name="masterDetails">
        <states>
          <state key="Copyright.UI">
            <settings>
              <last-edited>cainiao</last-edited>
              <splitter-proportions>
                <option name="proportions">
                  <list>
                    <option value="0.17721522" />
                  </list>
                </option>
              </splitter-proportions>
            </settings>
          </state>
          <state key="ScopeChooserConfigurable.UI">
            <settings>
              <splitter-proportions>
                <option name="proportions">
                  <list>
                    <option value="0.17721522" />
                  </list>
                </option>
              </splitter-proportions>
            </settings>
          </state>
        </states>
      </component>
    </defaultProject>
  </component>
</application>