<application>
  <component name="PandoraTypes">
    <option name="templates">
      <Templates>
        <option name="downloadUrl" value="http://gitlab.alibaba-inc.com/aone-docker/release/repository/archive.zip?ref=master" />
        <option name="templates">
          <list>
            <Template>
              <option name="name" value="pandoraboot-7u" />
              <option name="path" value="pandoraboot-7u" />
            </Template>
          </list>
        </option>
      </Templates>
    </option>
  </component>
  <component name="SmartFoxConfig">
    <option name="DPlusInitialViewTime" value="1733973521869" />
    <option name="codeStyleImported" value="true" />
    <option name="eclipseCodeFormatterDisableOnce" value="true" />
    <option name="fileHeaderSet" value="true" />
    <option name="firstTime" value="1591433396000" />
  </component>
</application>