<application>
  <component name="Trusted.Paths">
    <option name="TRUSTED_PROJECT_PATHS">
      <map>
        <entry key="$USER_HOME$/code/idea/cainiao/overseas/ParcelEngine-local-de-2c2ba10440004903822ad87ac87f9cc8" value="true" />
        <entry key="$USER_HOME$/code/idea/cainiao/overseas/ParcelEngine-local-de-v2-fbbe1ffb07bb4e9e887d64fa032742ff" value="true" />
        <entry key="$USER_HOME$/code/idea/cainiao/overseas/ParcelEngine-local-ue-2395c7f8a418485ea29cd2bf1eef9bc8" value="true" />
        <entry key="$USER_HOME$/code/idea/cainiao/overseas/cnexport-local-lds" value="true" />
        <entry key="$USER_HOME$/code/idea/cainiao/overseas/cng-overseas-datact" value="true" />
        <entry key="$USER_HOME$/code/idea/cainiao/overseas/cng-overseas-gdata-back-4bd8c741cca2426cae2bc36a09a074ca" value="true" />
        <entry key="$USER_HOME$/code/idea/cainiao/overseas/cng-overseas-gdata-hot-0e8d084303434c04a0575cbfe45e8bcb" value="true" />
        <entry key="$USER_HOME$/code/idea/cainiao/overseas/cnl-fulfill-center" value="true" />
        <entry key="$USER_HOME$/code/idea/cainiao/overseas/cnl-fulfill-center-eu" value="true" />
        <entry key="$USER_HOME$/code/idea/cainiao/overseas/cnl-fulfill-oms" value="true" />
        <entry key="$USER_HOME$/code/idea/cainiao/overseas/cnl-trace-center" value="true" />
        <entry key="$USER_HOME$/code/idea/cainiao/overseas/cntech-ct-ebc" value="true" />
        <entry key="$USER_HOME$/code/idea/cainiao/overseas/cntech-ct-ecc" value="true" />
        <entry key="$USER_HOME$/code/idea/cainiao/overseas/global-lnp-frc" value="true" />
        <entry key="$USER_HOME$/code/idea/cainiao/overseas/tms-dataview" value="true" />
        <entry key="$USER_HOME$/code/idea/cainiao/overseas/vvp-dcs-job" value="true" />
        <entry key="$USER_HOME$/code/idea/cainiao/tab/cnarch-dataeasy-stream" value="true" />
        <entry key="$USER_HOME$/code/idea/cainiao/tab/cnarch-tab-service" value="true" />
        <entry key="$USER_HOME$/code/idea/cainiao/wutong/gaea-core" value="true" />
        <entry key="$USER_HOME$/code/practice" value="true" />
        <entry key="$USER_HOME$/code/practice/practicestartup" value="true" />
        <entry key="$USER_HOME$/code/workspace/L-P" value="true" />
        <entry key="$USER_HOME$/code/workspace/L-P/learnjava" value="true" />
      </map>
    </option>
  </component>
  <component name="Trusted.Paths.Settings">
    <option name="TRUSTED_PATHS">
      <list>
        <option value="$USER_HOME$/code/idea/cainiao/overseas" />
      </list>
    </option>
  </component>
</application>