<application>
  <component name="DimensionService">
    <location key="find.popup.0.0.3456.2234@192dpi" x="1322" y="354" />
    <location key="find.popup.-182.-2160.3840.2160@192dpi" x="1286" y="-1838" />
    <location key="find.popup.-91.-1440.2560.1440" x="888" y="-1233" />
    <size key="GridCell.Tab.0.left.0.0.3456.2234@192dpi" width="3292" height="570" />
    <size key="GridCell.Tab.0.center.0.0.3456.2234@192dpi" width="3292" height="570" />
    <size key="GridCell.Tab.0.right.0.0.3456.2234@192dpi" width="3292" height="570" />
    <size key="GridCell.Tab.0.bottom.0.0.3456.2234@192dpi" width="3292" height="570" />
    <size key="find.popup.0.0.3456.2234@192dpi" width="1792" height="1068" />
    <size key="find.popup.-182.-2160.3840.2160@192dpi" width="1980" height="1046" />
    <size key="find.popup.-91.-1440.2560.1440" width="1320" height="702" />
  </component>
  <component name="WindowManager">
    <frame x="28" y="44" width="1672" height="1067" extendedState="6" />
  </component>
  <component name="WindowStateApplicationService">
    <state width="847" height="841" key="ShowUsagesActions.dimensionServiceKey" timestamp="1747376625866">
      <screen x="0" y="38" width="1728" height="1079" />
    </state>
    <state width="847" height="841" key="ShowUsagesActions.dimensionServiceKey/0.38.1728.1079" timestamp="1747376625866" />
    <state width="937" height="114" key="ShowUsagesActions.dimensionServiceKey/0.38.1728.1079/-407.-1415.2560.1415" timestamp="1739902047244" />
    <state width="994" height="617" key="ShowUsagesActions.dimensionServiceKey/0.38.1728.1079/-91.-1055.1920.1055" timestamp="1747190720184" />
    <state width="854" height="114" key="ShowUsagesActions.dimensionServiceKey/0.38.1728.1079/-91.-1415.2560.1415" timestamp="1738858764870" />
    <state x="864" y="506" width="800" height="650" key="WELCOME_SCREEN" timestamp="1747019499175">
      <screen x="0" y="38" width="1728" height="1079" />
    </state>
    <state x="864" y="506" width="800" height="650" key="WELCOME_SCREEN/0.38.1728.1079" timestamp="1745566883458" />
    <state x="864" y="506" width="800" height="650" key="WELCOME_SCREEN/0.38.1728.1079/-91.-1055.1920.1055" timestamp="1747019499175" />
    <state width="300" height="534" key="manage.recent.projects.popup" timestamp="1744967517864">
      <screen x="0" y="38" width="1728" height="1079" />
    </state>
    <state width="300" height="534" key="manage.recent.projects.popup/0.38.1728.1079/-91.-1055.1920.1055" timestamp="1744967517864" />
  </component>
</application>