<application>
  <component name="MavenWrapperMapping">
    <option name="mapping">
      <map>
        <entry key="https://artlab.alibaba-inc.com/1/maven/snapshots/com/cainiao/gaea/common/gaea-common-project-skeleton-amaven/3.5.0-SNAPSHOT/gaea-common-project-skeleton-amaven-3.5.0-20230531.022715-5.zip" value="$USER_HOME$/.m2/wrapper/dists/gaea-common-project-skeleton-amaven-3.5.0-20230531.022715-5/5f5smdteltg1ptfgb57hqd798d/amaven-3.5.0" />
        <entry key="https://repo.maven.apache.org/maven2/org/apache/maven/apache-maven/3.8.7/apache-maven-3.8.7-bin.zip" value="$USER_HOME$/.m2/wrapper/dists/apache-maven-3.8.7-bin/1ktonn2lleg549uah6ngl1r74r/apache-maven-3.8.7" />
      </map>
    </option>
  </component>
</application>